{"info":{"_postman_id":"10e670eb-d9cf-4afb-aee5-c33ea83e18a5","name":"Auth","schema":"https://schema.getpostman.com/json/collection/v2.1.0/collection.json"},"item":[{"name":"Admin Giriş","event":[{"listen":"test","script":{"id":"c063ec4a-3eb0-4a5e-8b6c-3c0c69ba967b","exec":["const responseJson = pm.response.json();","var bodyToken = responseJson.token;","pm.environment.set(\"Token\",bodyToken)"],"type":"text/javascript"}}],"id":"552e78a2-5171-4f89-82e6-bb89d1caebe9","protocolProfileBehavior":{"disableBodyPruning":true},"request":{"auth":{"type":"noauth"},"method":"POST","header":[],"body":{"mode":"raw","raw":"{\n  \"kullanicI_ADI\": {{AdminUser}},\n  \"sifre\": {{AdminPassword}}\n}","options":{"raw":{"language":"json"}}},"url":{"raw":"{{BaseUrl}}Auth/giris","host":["{{BaseUrl}}Auth"],"path":["giris"]}},"response":[]},{"name":"Öğrenci Giriş","event":[{"listen":"test","script":{"id":"c063ec4a-3eb0-4a5e-8b6c-3c0c69ba967b","exec":["const responseJson = pm.response.json();","var bodyToken = responseJson.token;","pm.environment.set(\"Token\",bodyToken)"],"type":"text/javascript"}}],"id":"d997a9f2-8c4b-4244-bcf1-64ee724be697","protocolProfileBehavior":{"disableBodyPruning":true},"request":{"auth":{"type":"noauth"},"method":"POST","header":[],"body":{"mode":"raw","raw":"// {\n//   \"kullanicI_ADI\": {{User}},\n//   \"sifre\": {{UserPassword}}\n// }\n\n{\n  \"kullanicI_ADI\": \"fatma.korkmaz\",\n  \"sifre\": \"Fatkor12%\"\n}","options":{"raw":{"language":"json"}}},"url":{"raw":"{{BaseUrl}}Auth/giris","host":["{{BaseUrl}}Auth"],"path":["giris"]}},"response":[]},{"name":"Kullanıcı Bilgisi","id":"3f5661d9-10ec-469c-944b-8771290f701c","protocolProfileBehavior":{"disableBodyPruning":true},"request":{"auth":{"type":"bearer","bearer":[{"key":"token","value":"{{Token}}","type":"string"}]},"method":"GET","header":[],"url":{"raw":"{{BaseUrl}}Auth/info","host":["{{BaseUrl}}Auth"],"path":["info"]}},"response":[]}]}