{"info":{"_postman_id":"1217e10e-c3c3-4e66-9b57-d2c7fdab3eba","name":"Ders","schema":"https://schema.getpostman.com/json/collection/v2.1.0/collection.json"},"item":[{"name":"Dersler","id":"7e4f4a43-23b0-4e4f-8dae-f956400aec8d","protocolProfileBehavior":{"disableBodyPruning":true},"request":{"auth":{"type":"bearer","bearer":[{"key":"token","value":"{{Token}}","type":"string"}]},"method":"GET","header":[],"url":{"raw":"{{BaseUrl}}ders/dersler","host":["{{BaseUrl}}ders"],"path":["dersler"]}},"response":[]},{"name":"Ders","id":"8a64c90c-af14-46e3-ad5f-42fea9c9d0df","protocolProfileBehavior":{"disableBodyPruning":true},"request":{"auth":{"type":"bearer","bearer":[{"key":"token","value":"{{Token}}","type":"string"}]},"method":"GET","header":[],"url":{"raw":"{{BaseUrl}}ders/ders/1","host":["{{BaseUrl}}ders"],"path":["ders","1"]}},"response":[]},{"name":"Yeni Ders","id":"21a168ef-a517-4952-985b-a85a923d1411","protocolProfileBehavior":{"disableBodyPruning":true},"request":{"auth":{"type":"bearer","bearer":[{"key":"token","value":"{{Token}}","type":"string"}]},"method":"POST","header":[],"body":{"mode":"raw","raw":"{\n        \"derS_KODU\": \"CAL201\",\n        \"derS_ADI\": \"Calculus 2\",\n        \"durum\": 1,\n        \"kredi\": 5,\n        \"id\": 9\n    }","options":{"raw":{"language":"json"}}},"url":{"raw":"{{BaseUrl}}ders/yeni","host":["{{BaseUrl}}ders"],"path":["yeni"]}},"response":[]},{"name":"Ders Düzenle","id":"cda45865-5715-4717-8ad8-64b5d985831a","protocolProfileBehavior":{"disableBodyPruning":true},"request":{"auth":{"type":"bearer","bearer":[{"key":"token","value":"{{Token}}","type":"string"}]},"method":"PUT","header":[],"body":{"mode":"raw","raw":"{\n        \"derS_KODU\": \"CAL102\",\n        \"derS_ADI\": \"Calculus 2\",\n        \"durum\": 1,\n        \"kredi\": 5,\n        \"id\": 9\n    }","options":{"raw":{"language":"json"}}},"url":{"raw":"{{BaseUrl}}ders/degistir","host":["{{BaseUrl}}ders"],"path":["degistir"]}},"response":[]}]}