{"info":{"_postman_id":"17ee7d71-49b1-4615-bf2d-9c99f02a6455","name":"Django Demo","schema":"https://schema.getpostman.com/json/collection/v2.1.0/collection.json"},"item":[{"name":"Auth","item":[{"name":"Login","id":"ba91a1c9-4184-4091-8398-30f1c44611c9","protocolProfileBehavior":{"disableBodyPruning":true},"request":{"method":"POST","header":[],"body":{"mode":"raw","raw":"{\n    \"email\":\"erkamkumru@bilisimschool.com\",\n    \"password\":\"denemepassword\"\n}","options":{"raw":{"language":"json"}}},"url":{"raw":"{{BaseUrl}}api/v1/auth/login/","host":["{{BaseUrl}}api"],"path":["v1","auth","login",""]}},"response":[]},{"name":"Logout","id":"dcff5449-bd7e-432a-800a-73f803e01736","protocolProfileBehavior":{"disableBodyPruning":true},"request":{"auth":{"type":"bearer","bearer":[{"key":"token","value":"{{AccessToken}}","type":"string"}]},"method":"POST","header":[],"body":{"mode":"raw","raw":"{\n    \"refresh_token\":\"eyJ0eXAiOiJKV1QiLCJhbGciOiJIUzI1NiJ9.eyJ0b2tlbl90eXBlIjoicmVmcmVzaCIsImV4cCI6MTY1OTg2MTk5MCwiaWF0IjoxNjU5Nzc1NTkwLCJqdGkiOiJlMGFiZGQwNTE1OWM0N2I0ODYyZjIxMjRkMzQzMzQ3OCIsInVzZXJfaWQiOjF9.aW1hrQ_SPVFk3m7a_gNLeKOf1GE_hg-q6AXwuoC44Yc\"\n}","options":{"raw":{"language":"json"}}},"url":{"raw":"{{BaseUrl}}api/v1/auth/logout/","host":["{{BaseUrl}}api"],"path":["v1","auth","logout",""]}},"response":[]},{"name":"Refresh Token","id":"86ae4499-c813-40fd-9c23-6c74f4634f19","protocolProfileBehavior":{"disableBodyPruning":true},"request":{"method":"POST","header":[],"body":{"mode":"formdata","formdata":[{"key":"refresh","value":"eyJ0eXAiOiJKV1QiLCJhbGciOiJIUzI1NiJ9.eyJ0b2tlbl90eXBlIjoicmVmcmVzaCIsImV4cCI6MTY2MDkwODQ1NCwiaWF0IjoxNjU5NjEyNDU0LCJqdGkiOiI5OGNjYzE1ZjZhNmU0NzZhODk1OTRjNTk2OTNjZmQ1MSIsInVzZXJfaWQiOjF9.5hEOGIuciKSlyk7MfzRifT0JJfVX9Rw2lbprqYKjZWo","type":"text"}]},"url":{"raw":"{{BaseUrl}}api/v1/auth/token/refresh/","host":["{{BaseUrl}}api"],"path":["v1","auth","token","refresh",""]}},"response":[]},{"name":"Register","id":"2bae8671-cb10-4558-b741-9783e5771012","protocolProfileBehavior":{"disableBodyPruning":true},"request":{"method":"POST","header":[],"body":{"mode":"raw","raw":"{\n    \"email\":\"deneme0@deneme.com\",\n    \"password\":\"denemepassword\"\n}","options":{"raw":{"language":"json"}}},"url":{"raw":"{{BaseUrl}}api/v1/auth/register","host":["{{BaseUrl}}api"],"path":["v1","auth","register"]}},"response":[]},{"name":"Users List","id":"398e7bd4-32c1-44fd-babe-bda7fa49ef38","protocolProfileBehavior":{"disableBodyPruning":true},"request":{"auth":{"type":"bearer","bearer":[{"key":"token","value":"{{AccessToken}}","type":"string"}]},"method":"GET","header":[],"url":{"raw":"{{BaseUrl}}api/v1/auth/users/","host":["{{BaseUrl}}api"],"path":["v1","auth","users",""]}},"response":[]},{"name":"Get A User","id":"4354e64a-d7fd-460c-ac2a-1114b37b9d60","protocolProfileBehavior":{"disableBodyPruning":true},"request":{"auth":{"type":"bearer","bearer":[{"key":"token","value":"{{AccessToken}}","type":"string"}]},"method":"GET","header":[],"url":{"raw":"{{BaseUrl}}api/v1/auth/users/1","host":["{{BaseUrl}}api"],"path":["v1","auth","users","1"]}},"response":[]}],"id":"94a00508-3033-4b49-b243-38769a9d88a7"},{"name":"ViewSet Auth - deneme","item":[{"name":"Get All Users Info List","id":"a89f4efc-3b6c-4e72-be45-59c6c500b21e","protocolProfileBehavior":{"disableBodyPruning":true},"request":{"auth":{"type":"bearer","bearer":[{"key":"token","value":"{{AccessToken}}","type":"string"}]},"method":"GET","header":[],"url":{"raw":"{{BaseUrl}}users/","host":["{{BaseUrl}}users"],"path":[""]}},"response":[]},{"name":"Get A User Info","id":"57cd8128-17be-4c69-aa22-58ddb4b50d37","protocolProfileBehavior":{"disableBodyPruning":true},"request":{"auth":{"type":"bearer","bearer":[{"key":"token","value":"{{AccessToken}}","type":"string"}]},"method":"GET","header":[],"url":{"raw":"{{BaseUrl}}users/1","host":["{{BaseUrl}}users"],"path":["1"]}},"response":[]},{"name":"Login","id":"93fe5bb4-989e-4036-a351-130771bc05b5","protocolProfileBehavior":{"disableBodyPruning":true},"request":{"method":"POST","header":[],"body":{"mode":"raw","raw":"{\n    \"email\":\"admin@admin.com\",\n    \"password\":\"password\"\n}","options":{"raw":{"language":"json"}}},"url":{"raw":"{{BaseUrl}}api/token/","host":["{{BaseUrl}}api"],"path":["token",""]}},"response":[]},{"name":"Login Deneme","id":"a3f36bc4-b812-4486-8297-43962a7600fd","protocolProfileBehavior":{"disableBodyPruning":true},"request":{"method":"POST","header":[],"body":{"mode":"raw","raw":"{\n    \"email\":\"admin@admin.com\",\n    \"password\":\"password\"\n}","options":{"raw":{"language":"json"}}},"url":{"raw":"{{BaseUrl}}auth/login/","host":["{{BaseUrl}}auth"],"path":["login",""]}},"response":[]},{"name":"Logout Deneme","id":"3c3e29f1-f3fd-4f25-b3fe-976a76e2c21c","protocolProfileBehavior":{"disableBodyPruning":true},"request":{"auth":{"type":"bearer","bearer":[{"key":"token","value":"{{AccessToken}}","type":"string"}]},"method":"POST","header":[],"url":{"raw":"{{BaseUrl}}auth/logout/","host":["{{BaseUrl}}auth"],"path":["logout",""]}},"response":[]}],"id":"fa23beb6-d4d7-436e-8177-60407cf254fc"},{"name":"deneme","item":[{"name":"Users List","id":"34ac91b7-c32f-4032-8e35-6361cc33a404","protocolProfileBehavior":{"disableBodyPruning":true},"request":{"auth":{"type":"bearer","bearer":[{"key":"token","value":"{{AccessToken}}","type":"string"}]},"method":"GET","header":[],"url":{"raw":"{{BaseUrl}}users/","host":["{{BaseUrl}}users"],"path":[""]}},"response":[]},{"name":"Get A User","id":"a0d9caba-e9d9-4ef0-a497-3e00cc5fa5c1","protocolProfileBehavior":{"disableBodyPruning":true},"request":{"auth":{"type":"bearer","bearer":[{"key":"token","value":"{{AccessToken}}","type":"string"}]},"method":"GET","header":[],"url":{"raw":"{{BaseUrl}}users/2","host":["{{BaseUrl}}users"],"path":["2"]}},"response":[]},{"name":"Add User - Also Register","id":"78402286-3ed9-48ee-a0b3-42de04a399a9","protocolProfileBehavior":{"disableBodyPruning":true},"request":{"auth":{"type":"bearer","bearer":[{"key":"token","value":"{{AccessToken}}","type":"string"}]},"method":"POST","header":[],"body":{"mode":"raw","raw":"{\n    \"email\": \"q3@q.com\",\n    \"password\":\"password\",\n    \"first_name\": \"\",\n    \"last_name\": \"\"\n}","options":{"raw":{"language":"json"}}},"url":{"raw":"{{BaseUrl}}users/","host":["{{BaseUrl}}users"],"path":[""]}},"response":[]},{"name":"Register","id":"cf7252e6-b563-4ed2-9b22-0b947af46922","protocolProfileBehavior":{"disableBodyPruning":true},"request":{"method":"POST","header":[],"body":{"mode":"raw","raw":"{\n    \"email\": \"q8@q.com\",\n    \"password\":\"password\"\n}","options":{"raw":{"language":"json"}}},"url":{"raw":"{{BaseUrl}}api/register/","host":["{{BaseUrl}}api"],"path":["register",""]}},"response":[]},{"name":"Logout","id":"45da24cb-e5f6-4bf7-8a5b-5f5ed9b03cc4","protocolProfileBehavior":{"disableBodyPruning":true},"request":{"auth":{"type":"bearer","bearer":[{"key":"token","value":"{{AccessToken}}","type":"string"}]},"method":"POST","header":[],"body":{"mode":"raw","raw":"{\n    \"refresh_token\":\"eyJ0eXAiOiJKV1QiLCJhbGciOiJIUzI1NiJ9.eyJ0b2tlbl90eXBlIjoicmVmcmVzaCIsImV4cCI6MTY1OTg1NTYxNSwiaWF0IjoxNjU5NzY5MjE1LCJqdGkiOiJiNDVlNWExNDEyZjM0MjdjYjMzNjEzOThmODM1MjVjYSIsInVzZXJfaWQiOjF9.jHBNddm_Fg-9p1FqnADJj95QB1qdeP5SZx1irG1YKNw\"\n}","options":{"raw":{"language":"json"}}},"url":{"raw":"{{BaseUrl}}api/logout/","host":["{{BaseUrl}}api"],"path":["logout",""]}},"response":[]},{"name":"Login","id":"c01aa648-7de2-4873-b18c-818f55e25150","protocolProfileBehavior":{"disableBodyPruning":true},"request":{"method":"POST","header":[],"body":{"mode":"raw","raw":"{\n    \"email\":\"q@q.com\",\n    \"password\":\"password\"\n}","options":{"raw":{"language":"json"}}},"url":{"raw":"{{BaseUrl}}api/token/","host":["{{BaseUrl}}api"],"path":["token",""]}},"response":[]}],"id":"8134af70-456f-426e-916f-6976166e8655"},{"name":"Practice Run","item":[{"name":"POST","id":"f3f7a416-bf81-4b9c-a40c-877adf30395c","protocolProfileBehavior":{"disableBodyPruning":true},"request":{"method":"POST","header":[],"url":{"raw":"http://127.0.0.1:8000/practice_run/","protocol":"http","host":["127","0","0","1"],"port":"8000","path":["practice_run",""]}},"response":[]},{"name":"Practice Run Flask","id":"e58ec0ad-5d5a-4e68-aed1-4a315e38a9ae","protocolProfileBehavior":{"disableBodyPruning":true},"request":{"method":"POST","header":[],"url":{"raw":"http://127.0.0.1:6000/api/v1/","protocol":"http","host":["127","0","0","1"],"port":"6000","path":["api","v1",""]}},"response":[]}],"id":"a48326a5-6f70-4a8d-8a77-b0d3cd61ad76"}],"event":[{"listen":"prerequest","script":{"id":"2299603d-6a33-4578-b8c4-bf301fd44b86","type":"text/javascript","exec":[""]}},{"listen":"test","script":{"id":"a3f16a42-600a-4ff5-8393-5bfde51843f2","type":"text/javascript","exec":[""]}}],"variable":[{"id":"de51c36e-bc93-4afb-8a7c-2103c7f82670","key":"BaseUrl","value":"http://127.0.0.1:8000/","type":"string"},{"id":"9351664d-566a-4e5f-b687-d6f2fb668797","key":"AccessToken","value":"","type":"string"}]}