{"info":{"_postman_id":"181d6d32-52ae-414b-8681-69967639c8a7","name":"Ogrenci","schema":"https://schema.getpostman.com/json/collection/v2.1.0/collection.json"},"item":[{"name":"Ögrenci Kayıt","event":[{"listen":"test","script":{"id":"c063ec4a-3eb0-4a5e-8b6c-3c0c69ba967b","exec":[""],"type":"text/javascript"}}],"id":"77abb3c6-73ba-4f65-a1eb-b9e325623215","protocolProfileBehavior":{"disableBodyPruning":true},"request":{"auth":{"type":"bearer","bearer":[{"key":"token","value":"{{Token}}","type":"string"}]},"method":"POST","header":[],"body":{"mode":"raw","raw":"{\n  \"ogrenci\": {\n    \"ogR_NO\": 124,\n    \"kimliK_ID\": 0,\n    \"mufredaT_ID\": 1\n  },\n  \"iletisim\": {\n    \"adres\": \"Ankara bahçelievler\",\n    \"il\": \"Ankara\",\n    \"ilce\": \"Çankaya\",\n    \"email\": \"a@a.com\",\n    \"gsm\": \"234234\"\n  },\n  \"kimlik\": {\n    \"tC_NO\": 123123,\n    \"ad\": \"Murat\",\n    \"soyad\": \"Çeçen\",\n    \"doguM_YERI\": \"Bingöl\",\n    \"doguM_TARIHI\": \"1986-09-02T13:06:57.810Z\",\n    \"iletisiM_ID\": 0\n  }\n}","options":{"raw":{"language":"json"}}},"url":{"raw":"{{BaseUrl}}ogrenci/yeni","host":["{{BaseUrl}}ogrenci"],"path":["yeni"]}},"response":[]},{"name":"Ögrenci Güncelle","event":[{"listen":"test","script":{"id":"c063ec4a-3eb0-4a5e-8b6c-3c0c69ba967b","exec":[""],"type":"text/javascript"}}],"id":"68aceda8-e81e-4dca-8d3e-4c814ec62225","protocolProfileBehavior":{"disableBodyPruning":true},"request":{"auth":{"type":"bearer","bearer":[{"key":"token","value":"{{Token}}","type":"string"}]},"method":"PUT","header":[],"body":{"mode":"raw","raw":"// {\n//     \"ogrenci\": {\n//         \"ogR_NO\": 125,\n//         \"kimliK_ID\": 7,\n//         \"mufredaT_ID\": 1,\n//         \"id\": 7\n//     },\n//     \"iletisim\": {\n//         \"adres\": \"Ankara bahçelievler123\",\n//         \"il\": \"Ankara2\",\n//         \"ilce\": \"Çankaya2\",\n//         \"email\": \"a@a.com2\",\n//         \"gsm\": \"234234\",\n//         \"id\": 7\n//     },\n//     \"kimlik\": {\n//         \"tC_NO\": 123123,\n//         \"ad\": \"Murat2\",\n//         \"soyad\": \"Çeçen2\",\n//         \"doguM_YERI\": \"Bingöl2\",\n//         \"doguM_TARIHI\": \"1986-09-02T13:06:57.81+03:00\",\n//         \"iletisiM_ID\": 7,\n//         \"id\": 7\n//     }\n// }\n{\n    \"ogrenci\": {\n        \"ogR_NO\": 125,\n        \"kimliK_ID\": 7,\n        \"mufredaT_ID\": 1,\n        \"id\": 7\n    }\n\n}","options":{"raw":{"language":"json"}}},"url":{"raw":"{{BaseUrl}}ogrenci/degistir","host":["{{BaseUrl}}ogrenci"],"path":["degistir"]}},"response":[]},{"name":"Ögrenci İletişim Güncelle","event":[{"listen":"test","script":{"id":"c063ec4a-3eb0-4a5e-8b6c-3c0c69ba967b","exec":[""],"type":"text/javascript"}}],"id":"24f27f47-add6-47b4-a8c9-31662cedb9b5","protocolProfileBehavior":{"disableBodyPruning":true},"request":{"auth":{"type":"bearer","bearer":[{"key":"token","value":"{{Token}}","type":"string"}]},"method":"PUT","header":[],"body":{"mode":"raw","raw":"{\n    \"ogrencI_ID\": 7,\n    \"iletisim\": {\n        \"adres\": \"Ankara bahçelievler123567\",\n        \"il\": \"Ankara2\",\n        \"ilce\": \"Çankaya2\",\n        \"email\": \"a@a.com2\",\n        \"gsm\": \"234234\"\n    }\n}\n","options":{"raw":{"language":"json"}}},"url":{"raw":"{{BaseUrl}}ogrenci/iletisim","host":["{{BaseUrl}}ogrenci"],"path":["iletisim"]}},"response":[]},{"name":"Ögrenci Listesi","event":[{"listen":"test","script":{"id":"c063ec4a-3eb0-4a5e-8b6c-3c0c69ba967b","exec":[""],"type":"text/javascript"}}],"id":"3aa1f1d7-454a-4322-9859-47b50f3ed312","protocolProfileBehavior":{"disableBodyPruning":true},"request":{"auth":{"type":"bearer","bearer":[{"key":"token","value":"{{Token}}","type":"string"}]},"method":"GET","header":[],"body":{"mode":"raw","raw":"","options":{"raw":{"language":"json"}}},"url":{"raw":"{{BaseUrl}}ogrenci/ogrenciler","host":["{{BaseUrl}}ogrenci"],"path":["ogrenciler"]}},"response":[]},{"name":"Öğrenci","event":[{"listen":"test","script":{"id":"c063ec4a-3eb0-4a5e-8b6c-3c0c69ba967b","exec":[""],"type":"text/javascript"}}],"id":"b00e2d30-42df-469d-b968-a9dca6b11f84","protocolProfileBehavior":{"disableBodyPruning":true},"request":{"auth":{"type":"bearer","bearer":[{"key":"token","value":"{{Token}}","type":"string"}]},"method":"GET","header":[],"body":{"mode":"raw","raw":"","options":{"raw":{"language":"json"}}},"url":{"raw":"{{BaseUrl}}ogrenci/ogrenci/7","host":["{{BaseUrl}}ogrenci"],"path":["ogrenci","7"]}},"response":[]},{"name":"Öğrenci Müfredat","event":[{"listen":"test","script":{"id":"c063ec4a-3eb0-4a5e-8b6c-3c0c69ba967b","exec":[""],"type":"text/javascript"}}],"id":"4c3e4602-cdf4-4bd2-87cb-34fa87c11552","protocolProfileBehavior":{"disableBodyPruning":true},"request":{"auth":{"type":"bearer","bearer":[{"key":"token","value":"{{Token}}","type":"string"}]},"method":"GET","header":[],"body":{"mode":"raw","raw":"","options":{"raw":{"language":"json"}}},"url":{"raw":"{{BaseUrl}}ogrenci/mufredat/7","host":["{{BaseUrl}}ogrenci"],"path":["mufredat","7"]}},"response":[]},{"name":"Öğrenciye Müfredat Atama","id":"57b7f2eb-e6a9-4228-b8ee-50d460fd9d57","protocolProfileBehavior":{"disableBodyPruning":true},"request":{"auth":{"type":"bearer","bearer":[{"key":"token","value":"{{Token}}","type":"string"}]},"method":"POST","header":[],"body":{"mode":"raw","raw":"{\n  \"ogrenciId\": 7,\n  \"mufredatId\": 4\n}","options":{"raw":{"language":"json"}}},"url":{"raw":"{{BaseUrl}}ogrenci/mufredat","host":["{{BaseUrl}}ogrenci"],"path":["mufredat"]}},"response":[]},{"name":"Öğrenci Ders Kayıt","id":"e004d699-674c-4d4f-a0b1-8a6fb03a3147","protocolProfileBehavior":{"disableBodyPruning":true},"request":{"auth":{"type":"bearer","bearer":[{"key":"token","value":"{{Token}}","type":"string"}]},"method":"POST","header":[],"body":{"mode":"raw","raw":"{\n  \"ogrenciId\": 7,\n  \"mufredatId\": 4\n}","options":{"raw":{"language":"json"}}},"url":{"raw":"{{BaseUrl}}ogrenci/mufredat","host":["{{BaseUrl}}ogrenci"],"path":["mufredat"]}},"response":[]},{"name":"Öğrenci Kayıtlı Olduğu Dersler","id":"fd01e4ad-514f-4b36-b688-e30f221e06d0","protocolProfileBehavior":{"disableBodyPruning":true},"request":{"auth":{"type":"bearer","bearer":[{"key":"token","value":"{{Token}}","type":"string"}]},"method":"GET","header":[],"url":{"raw":"{{BaseUrl}}ogrenci/kayitolunan-dersler/3","host":["{{BaseUrl}}ogrenci"],"path":["kayitolunan-dersler","3"]}},"response":[]}]}