{"info":{"_postman_id":"1d55bc2f-3316-408f-ad0f-65f3a060cafd","name":"Müfredat","schema":"https://schema.getpostman.com/json/collection/v2.1.0/collection.json"},"item":[{"name":"Müfredatlar","id":"54acecf1-2d3e-47b2-a0e0-c2f1e86c517a","protocolProfileBehavior":{"disableBodyPruning":true},"request":{"auth":{"type":"bearer","bearer":[{"key":"token","value":"{{Token}}","type":"string"}]},"method":"GET","header":[],"url":{"raw":"{{BaseUrl}}mufredat/mufredatlar","host":["{{BaseUrl}}mufredat"],"path":["mufredatlar"]}},"response":[]},{"name":"Müfredat","id":"e8f03059-6d23-4f5a-932c-7f5a77e3d34c","protocolProfileBehavior":{"disableBodyPruning":true},"request":{"auth":{"type":"bearer","bearer":[{"key":"token","value":"{{Token}}","type":"string"}]},"method":"GET","header":[],"url":{"raw":"{{BaseUrl}}mufredat/mufredat/4","host":["{{BaseUrl}}mufredat"],"path":["mufredat","4"]}},"response":[]},{"name":"Yeni Müfredat","id":"2c7a0857-ef62-4d4d-95b9-dab19fc5a87e","protocolProfileBehavior":{"disableBodyPruning":true},"request":{"auth":{"type":"bearer","bearer":[{"key":"token","value":"{{Token}}","type":"string"}]},"method":"POST","header":[],"body":{"mode":"raw","raw":"{\n    \"mufredaT_ADI\": \"MakineMuh_Mufredat\"\n}","options":{"raw":{"language":"json"}}},"url":{"raw":"{{BaseUrl}}mufredat/yeni","host":["{{BaseUrl}}mufredat"],"path":["yeni"]}},"response":[]},{"name":"Müfredat Düzenle","id":"fdc7c829-5821-45a4-ab05-d5815907f9a0","protocolProfileBehavior":{"disableBodyPruning":true},"request":{"auth":{"type":"bearer","bearer":[{"key":"token","value":"{{Token}}","type":"string"}]},"method":"PUT","header":[],"body":{"mode":"raw","raw":"{\n    \"mufredaT_ADI\": \"MakineMuh_Mufredat2\",\n    \"id\": 4\n}","options":{"raw":{"language":"json"}}},"url":{"raw":"{{BaseUrl}}mufredat/degistir","host":["{{BaseUrl}}mufredat"],"path":["degistir"]}},"response":[]}]}