{"info":{"_postman_id":"1e2023d8-6063-4c43-9d07-548f17377cda","name":"TROY","schema":"https://schema.getpostman.com/json/collection/v2.1.0/collection.json"},"item":[{"name":"Warehouse","item":[{"name":"materials","id":"091bd237-b891-43e7-801c-3aacf793237c","protocolProfileBehavior":{"disableBodyPruning":true},"request":{"method":"GET","header":[]},"response":[]}],"id":"bffe6a3a-4049-4517-97bc-46e28b9eecf1"},{"name":"login","id":"facc1a72-3f7c-446c-83e1-29fc91232179","protocolProfileBehavior":{"disableBodyPruning":true},"request":{"method":"GET","header":[]},"response":[]}]}