{"info":{"_postman_id":"2c2564af-3d59-4110-8b9c-bc9fb37e005f","name":"SW_Language_API_Python","schema":"https://schema.getpostman.com/json/collection/v2.1.0/collection.json"},"item":[{"name":"Ping","id":"958e4f03-59e0-446d-846d-5b9aa8c8a8dd","protocolProfileBehavior":{"disableBodyPruning":true},"request":{"method":"GET","header":[],"url":{"raw":"{{Python_Language_API_URL}}/health/","host":["{{Python_Language_API_URL}}"],"path":["health",""]}},"response":[]},{"name":"Check Internet Connection","id":"6aca0ebe-e97f-4485-ad17-ac0602f42760","protocolProfileBehavior":{"disableBodyPruning":true},"request":{"auth":{"type":"apikey","apikey":[{"key":"value","value":"Td6e-*pzLqieR5+w6904mK","type":"string"},{"key":"key","value":"Python-Language-Api-Key","type":"string"}]},"method":"GET","header":[],"url":{"raw":"{{Python_Language_API_URL}}/health/check_internet_connection","host":["{{Python_Language_API_URL}}"],"path":["health","check_internet_connection"]}},"response":[{"id":"814b3852-32a7-494b-b349-3f456b8e024a","name":"Check Internet Connection","originalRequest":{"method":"GET","header":[],"url":{"raw":"{{Central_API_URL}}/health/check_internet_connection","host":["{{Central_API_URL}}"],"path":["health","check_internet_connection"]}},"status":"OK","code":200,"_postman_previewlanguage":"json","header":[{"key":"Content-Type","value":"application/json"},{"key":"Content-Length","value":"89"},{"key":"Access-Control-Allow-Origin","value":"*"},{"key":"Server","value":"Werkzeug/2.0.2 Python/3.8.10"},{"key":"Date","value":"Tue, 25 Jan 2022 11:11:08 GMT"}],"cookie":[],"responseTime":null,"body":"{\n    \"status\": \"success\",\n    \"message\": \"can connect to: https://api.github.com/zen\"\n}"}]},{"name":"Run Practice","id":"cb0b5a82-11e5-49a8-bf66-5a7cbbe806bc","protocolProfileBehavior":{"disableBodyPruning":true},"request":{"auth":{"type":"apikey","apikey":[{"key":"value","value":"Td6e-*pzLqieR5+w6904mK","type":"string"},{"key":"key","value":"Python-Language-Api-Key","type":"string"},{"key":"in","value":"header","type":"string"}]},"method":"POST","header":[],"body":{"mode":"raw","raw":"{\n  \"trace_id\": \"abcd-1234-efgh-5678\",\n  \"user_code\": \"print(num1 + num2)\",\n  \"additional_code\": \"num1=int(sys.argv[1]); num2=int(sys.argv[2]); \",\n  \"run_type\": \"submit\",  \n  \"tests\": [\n    {\n      \"test_id\": 2,\n      \"inputs\": \"[2, 3]\",\n      \"expected_outputs\": \"5\\n\",\n      \"expected_outputs_for_ui\": \"5\",\n      \"input_type\": \"1\"\n    },\n    {\n      \"test_id\": 3,\n      \"inputs\": \"[5, 6]\",\n      \"expected_outputs\": \"11\\n\",\n      \"expected_outputs_for_ui\": \"11\",\n      \"input_type\": \"1\"\n    }\n  ]\n}\n","options":{"raw":{"language":"json"}}},"url":{"raw":"{{Python_Language_API_URL}}/practice_run/","host":["{{Python_Language_API_URL}}"],"path":["practice_run",""]}},"response":[]},{"name":"Run Practice 2","id":"1e9d6e89-ddfd-47b5-b675-ed1d2807d61f","protocolProfileBehavior":{"disableBodyPruning":true},"request":{"auth":{"type":"apikey","apikey":[{"key":"value","value":"Td6e-*pzLqieR5+w6904mK","type":"string"},{"key":"key","value":"Python-Language-Api-Key","type":"string"},{"key":"in","value":"header","type":"string"}]},"method":"POST","header":[],"body":{"mode":"raw","raw":"{\n  \"trace_id\": \"abcd-1234-efgh-5678\",\n  \"user_code\": \"print(num1 + num2)\",\n  \"additional_code\": \"num1=int(sys.argv[1]); num2=int(sys.argv[2]); \",\n  \"run_type\": \"submit\",  \n  \"tests\": [\n    {\n      \"test_id\": 2,\n      \"inputs\": \"[2, 3]\",\n      \"expected_outputs\": \"5\\n\",\n      \"expected_outputs_for_ui\": \"5\",\n      \"input_type\": \"1\"\n    },\n    {\n      \"test_id\": 3,\n      \"inputs\": \"[5, 6]\",\n      \"expected_outputs\": \"11\\n\",\n      \"expected_outputs_for_ui\": \"11\",\n      \"input_type\": \"1\"\n    }\n  ]\n}\n","options":{"raw":{"language":"json"}}},"url":{"raw":"{{Python_Language_API_URL}}/practice_run/","host":["{{Python_Language_API_URL}}"],"path":["practice_run",""]}},"response":[]}],"event":[{"listen":"prerequest","script":{"id":"70d7c6b5-7962-4230-bcc3-16a942ff2976","type":"text/javascript","exec":[""]}},{"listen":"test","script":{"id":"ef229387-3f01-492b-b492-1b3516b915c4","type":"text/javascript","exec":[""]}}],"variable":[{"id":"b0f20bd8-5877-4382-9583-93148deaefd8","key":"Python_Language_API_URL","value":" http://ec2-3-124-4-145.eu-central-1.compute.amazonaws.com:6000/api/v1  http://127.0.0.1:6000/api/v1\n\nhttp://127.0.0.1:6000/api/v1"}]}