{"info":{"_postman_id":"3f5ca93f-af04-4ae9-9d00-c3cd50228c7f","name":"Öğrenci Ders Kayıt","schema":"https://schema.getpostman.com/json/collection/v2.1.0/collection.json"},"item":[{"name":"Dersler","id":"d91d3303-7ec2-431b-8f84-4146d1b306a4","protocolProfileBehavior":{"disableBodyPruning":true},"request":{"auth":{"type":"bearer","bearer":[{"key":"token","value":"{{Token}}","type":"string"}]},"method":"GET","header":[],"url":{"raw":"{{BaseUrl}}derskayit/dersler/2","host":["{{BaseUrl}}derskayit"],"path":["dersler","2"]}},"response":[]},{"name":"Derskayit Kayit","id":"11a7b5d6-630a-4e0e-ba41-975a00336ebb","protocolProfileBehavior":{"disableBodyPruning":true},"request":{"auth":{"type":"bearer","bearer":[{"key":"token","value":"{{Token}}","type":"string"}]},"method":"POST","header":[],"body":{"mode":"raw","raw":"{\n  \"ogrenciId\": 3,\n  \"dersId\": 5\n}","options":{"raw":{"language":"json"}}},"url":{"raw":"{{BaseUrl}}derskayit/kayit","host":["{{BaseUrl}}derskayit"],"path":["kayit"]}},"response":[]}]}