{"info":{"_postman_id":"3fe6d675-2eba-4aca-8c62-452ac3bcb502","name":"Admin","schema":"https://schema.getpostman.com/json/collection/v2.1.0/collection.json"},"item":[{"name":"Admin Test","id":"87e2f382-960d-44d2-8709-c1e76bf2aa52","protocolProfileBehavior":{"disableBodyPruning":true},"request":{"auth":{"type":"bearer","bearer":[{"key":"token","value":"{{Token}}","type":"string"}]},"method":"GET","header":[],"url":{"raw":"{{BaseUrl}}Admin/test","host":["{{BaseUrl}}Admin"],"path":["test"]}},"response":[]},{"name":"User Test","id":"66b71300-e64d-4e76-b073-ee9a85564470","protocolProfileBehavior":{"disableBodyPruning":true},"request":{"auth":{"type":"bearer","bearer":[{"key":"token","value":"{{Token}}","type":"string"}]},"method":"GET","header":[],"url":{"raw":"{{BaseUrl}}user/test","host":["{{BaseUrl}}user"],"path":["test"]}},"response":[]}]}