{"info":{"_postman_id":"57972ac5-bcde-44a2-b706-45a3f0b8afae","name":"Communication Notifications","schema":"https://schema.getpostman.com/json/collection/v2.1.0/collection.json"},"item":[{"name":"Fetch Notification Template","id":"1b455fc5-06ba-4952-90a8-b8dcd9a92ed5","protocolProfileBehavior":{"disableBodyPruning":true},"request":{"method":"GET","header":[{"key":"X-AUTH-TOKEN","value":"{{X-Auth-Token}}","type":"default"}],"url":{"raw":"{{API-URL}}/notification/communication/fetch","host":["{{API-URL}}"],"path":["notification","communication","fetch"]}},"response":[]},{"name":"Read Notification Template","id":"89a7c2ac-cfd1-45c9-8b0b-5a7240d50fe9","protocolProfileBehavior":{"disableBodyPruning":true},"request":{"method":"GET","header":[{"key":"X-AUTH-TOKEN","value":"{{X-Auth-Token}}","type":"default"}],"url":{"raw":"{{API-URL}}/notification/communication/read/:notificationId","host":["{{API-URL}}"],"path":["notification","communication","read",":notificationId"],"variable":[{"id":"397678c6-268f-47f6-80aa-f0a80dc86231","key":"notificationId","value":"145"}]}},"response":[]},{"name":"Create Notification","id":"ef2bb697-813e-456e-b5b5-cc8826ec39c0","protocolProfileBehavior":{"disableBodyPruning":true},"request":{"method":"POST","header":[{"key":"X-AUTH-TOKEN","value":"{{X-Auth-Token}}","type":"default"}],"body":{"mode":"raw","raw":"{\n    \"accountId\": \"77632342\",\n    \"communicationTemplateName\": \"delete-data-first\"\n}","options":{"raw":{"language":"json"}}},"url":{"raw":"{{API-URL}}/notification/communication/","host":["{{API-URL}}"],"path":["notification","communication",""]}},"response":[]},{"name":"Create Notification Copy","id":"ac56b268-3189-4914-a24c-1e93f25d6abd","protocolProfileBehavior":{"disableBodyPruning":true},"request":{"method":"POST","header":[{"key":"X-AUTH-TOKEN","value":"{{X-Auth-Token}}","type":"default"}],"body":{"mode":"raw","raw":"{\n    \"accountId\": \"77632342\",\n    \"communicationTemplateName\": \"delete-data-first\"\n}","options":{"raw":{"language":"json"}}},"url":{"raw":"{{API-URL}}/notification/communication/","host":["{{API-URL}}"],"path":["notification","communication",""]}},"response":[]},{"name":"Delete Notifications","id":"d496c5a7-d880-4e96-8e8b-fe78f070f55a","protocolProfileBehavior":{"disableBodyPruning":true},"request":{"auth":{"type":"noauth"},"method":"DELETE","header":[{"key":"X-AUTH-TOKEN","value":"{{X-Auth-Token}}","type":"default"}],"body":{"mode":"raw","raw":"[11]","options":{"raw":{"language":"json"}}},"url":{"raw":"{{API-URL}}/notification/communication","host":["{{API-URL}}"],"path":["notification","communication"]}},"response":[]}]}