{"info":{"_postman_id":"65f4d8e2-06cf-4914-a2bc-c5f59c2b589e","name":"reqres example","schema":"https://schema.getpostman.com/json/collection/v2.1.0/collection.json"},"item":[{"name":"List Users","id":"75be6d48-fb1d-4e86-aa52-eac573dcc8e2","protocolProfileBehavior":{"disableBodyPruning":true},"request":{"method":"GET","header":[],"url":{"raw":"https://reqres.in/api/users","protocol":"https","host":["reqres","in"],"path":["api","users"]}},"response":[]},{"name":"Get Single User","id":"554fafab-e879-4503-98a7-2009c6e23c94","protocolProfileBehavior":{"disableBodyPruning":true},"request":{"method":"GET","header":[],"url":{"raw":"https://reqres.in/api/users/2","protocol":"https","host":["reqres","in"],"path":["api","users","2"]}},"response":[]},{"name":"Single User Not Found","id":"07daf28b-ab11-4dbf-be7f-2d699245a3d2","protocolProfileBehavior":{"disableBodyPruning":true},"request":{"method":"GET","header":[],"url":{"raw":"https://reqres.in/api/users/23","protocol":"https","host":["reqres","in"],"path":["api","users","23"]}},"response":[]},{"name":"List<Resource>","id":"84fc1234-f1d1-4a4f-8a6f-deba0bac2ae3","protocolProfileBehavior":{"disableBodyPruning":true},"request":{"method":"GET","header":[],"url":{"raw":"https://reqres.in/api/unknown","protocol":"https","host":["reqres","in"],"path":["api","unknown"]}},"response":[]},{"name":"Single<Resource>","id":"4e1b6ee1-c0d9-4fac-9ad0-52d597c222d8","protocolProfileBehavior":{"disableBodyPruning":true},"request":{"method":"GET","header":[],"url":{"raw":"https://reqres.in/api/unknown/2","protocol":"https","host":["reqres","in"],"path":["api","unknown","2"]}},"response":[]},{"name":"Single<Resource> Not Found","id":"95975c9e-a0a0-495e-9a66-0cf1a756e411","protocolProfileBehavior":{"disableBodyPruning":true},"request":{"method":"GET","header":[],"url":{"raw":"https://reqres.in/api/unknown/23","protocol":"https","host":["reqres","in"],"path":["api","unknown","23"]}},"response":[]},{"name":"Create User","id":"907cedca-ca21-4d73-9a9c-3dffed237d96","protocolProfileBehavior":{"disableBodyPruning":true},"request":{"method":"POST","header":[],"body":{"mode":"raw","raw":"{\n    \"name\": \"\\/''\",\n    \"age\": 35\n}","options":{"raw":{"language":"json"}}},"url":{"raw":"https://reqres.in/api/users","protocol":"https","host":["reqres","in"],"path":["api","users"]}},"response":[]},{"name":"Update","id":"0ee8a424-d54b-4786-9b36-fe354ab24fe6","protocolProfileBehavior":{"disableBodyPruning":true},"request":{"method":"PUT","header":[],"body":{"mode":"raw","raw":"{\n    \"name\": \"murat\",\n    \"job\" : \"Frontend developer\"\n}","options":{"raw":{"language":"json"}}},"url":{"raw":"https://reqres.in/api/users/2","protocol":"https","host":["reqres","in"],"path":["api","users","2"]}},"response":[]},{"name":"Update","id":"053611be-27f7-47a7-83b0-15c121f7ae45","protocolProfileBehavior":{"disableBodyPruning":true},"request":{"method":"PATCH","header":[],"body":{"mode":"raw","raw":"{\n    \"name\": \"murat\",\n    \"job\" : \"Frontend developer2\"\n}","options":{"raw":{"language":"json"}}},"url":{"raw":"https://reqres.in/api/users/2","protocol":"https","host":["reqres","in"],"path":["api","users","2"]}},"response":[]},{"name":"Delete","id":"60617a03-f25b-49f9-811b-780b34cc6f25","protocolProfileBehavior":{"disableBodyPruning":true},"request":{"method":"DELETE","header":[],"url":{"raw":"https://reqres.in/api/users/2","protocol":"https","host":["reqres","in"],"path":["api","users","2"]}},"response":[]},{"name":"Register-Successful","id":"1e464027-02df-47a1-82f0-b4bed801c571","protocolProfileBehavior":{"disableBodyPruning":true},"request":{"method":"POST","header":[],"body":{"mode":"raw","raw":"{\n    \"email\" : \"eve.holt@reqres.in\",\n    \"password\": \"pistol\"\n}","options":{"raw":{"language":"json"}}},"url":{"raw":"https://reqres.in/api/register","protocol":"https","host":["reqres","in"],"path":["api","register"]}},"response":[]},{"name":"Register-Unsuccessful","id":"9e974633-842d-425c-add9-a57c3346e7ba","protocolProfileBehavior":{"disableBodyPruning":true},"request":{"method":"POST","header":[],"body":{"mode":"raw","raw":"{\n    \"email\" : \"eve.holt@reqres.in\"\n}","options":{"raw":{"language":"json"}}},"url":{"raw":"https://reqres.in/api/register","protocol":"https","host":["reqres","in"],"path":["api","register"]}},"response":[]},{"name":"Login - Successful","id":"fbc14476-dd18-4b58-901b-2b45eba83579","protocolProfileBehavior":{"disableBodyPruning":true},"request":{"method":"POST","header":[],"body":{"mode":"raw","raw":"{\n    \"email\": \"eve.holt@reqres.in\",\n    \"password\": \"cityslicka\"\n}","options":{"raw":{"language":"json"}}},"url":{"raw":"https://reqres.in/api/login","protocol":"https","host":["reqres","in"],"path":["api","login"]}},"response":[]},{"name":"Login - Unsuccessful","id":"66dae798-c14a-468e-8af3-592a43f8c727","protocolProfileBehavior":{"disableBodyPruning":true},"request":{"method":"POST","header":[],"body":{"mode":"raw","raw":"{\n    \"email\": \"eve.holt@reqres.in\"\n}","options":{"raw":{"language":"json"}}},"url":{"raw":"https://reqres.in/api/login","protocol":"https","host":["reqres","in"],"path":["api","login"]}},"response":[]},{"name":"Delayed Response","id":"f9690eb8-9e2e-43bb-b84b-e1d6976dee5f","protocolProfileBehavior":{"disableBodyPruning":true},"request":{"method":"GET","header":[]},"response":[]}]}