{"id":"bd24181f-f3cc-487c-9129-e5d860a403f3","name":"OBS_Local","values":[{"key":"BaseUrl","value":"https://localhost:7277/","enabled":true,"type":"default"},{"key":"AdminUser","value":"\"hasan.ersoy\"","enabled":true,"type":"default"},{"key":"AdminPassword","value":"\"Haser1.\"","enabled":true,"type":"default"},{"key":"User","value":"\"mehmet.yilmaz\"","enabled":true,"type":"default"},{"key":"UserPassword","value":"Mehyil6!","enabled":true,"type":"default"},{"key":"Token","value":"initVal","enabled":true,"type":"default"}]}